{
    "title": "Hello World - First class",
    "expectedGrade": 60,
    "availableVideoSizes": [144,360,720],
    "colorBackground": "#ebebeb",
    "colorTheme": "#019dd8",
    "colorFont": "#ebebeb",
    "colorTitle": "#a4d8eb",
    "topics": [
        {
            "title": "Hello Topic",
            "slides": [
                {
                    "type": "bubble",
                    "title": "Introduction",
                    "id": "bubble1.png",
                    "text": "Duis tempus malesuada tellus, vitae aliquam quam dapibus sed. Sed tempus blandit risus vel sagittis. Cras sed lorem rutrum, convallis est id, blandit metus. Cras condimentum pellentesque sapien, eget egestas libero pharetra vitae. Aliquam erat volutpat."
                },
                {
                    "type": "video",
                    "title": "First Video",
                    "id": "demo_video",
                    "hideHeader": false
                },
                {
                    "type": "question",
                    "title": "Learning Exercise",
                    "text": "Lorem ipsum dolor sit <b>amet</b>, consectetur adipiscing elit?",
                    "options": [ 
                        {
                          "text": "Sed do eiusmod tempor incididunt ut labore et dolore magna aliqua.",
                          "expected": true
                        },
                        {
                          "text": "Ut enim ad minim veniam, quis nostrud."
                        },
                        {
                          "text": "Duis aute irure dolor in reprehenderit in voluptate."
                        },
                        {
                          "text": "Excepteur sint occaecat cupidatat non proident"
                        }
                    ]
                }
            ]
        },
        {
            "title": "Goodbye Topic",
            "slides": [
                {
                  "type": "finalExam",
                  "title": "Final Exam",
                  "isMultiple": false,
                  "questions": [
                    {
                      "text": "Lorem ipsum dolor sit <b>amet</b>, consectetur adipiscing elit?",
                      "options": [
                        {
                          "text": "Sed do eiusmod tempor incididunt ut labore et dolore magna aliqua.",
                          "expected": true
                        },
                        {
                          "text": "Ut enim ad minim veniam, quis nostrud."
                        },
                        {
                          "text": "Duis aute irure dolor in reprehenderit in voluptate."
                        },
                        {
                          "text": "Excepteur sint occaecat cupidatat non proident"
                        }
                      ]
                    },
                    {
                      "text": "Lorem ipsum dolor sit <b>amet</b>, consectetur adipiscing elit?",
                      "options": [
                        {
                          "text": "Sed do eiusmod tempor incididunt ut labore et dolore magna aliqua.",
                          "expected": true
                        },
                        {
                          "text": "Ut enim ad minim veniam, quis nostrud."
                        },
                        {
                          "text": "Duis aute irure dolor in reprehenderit in voluptate."
                        },
                        {
                          "text": "Excepteur sint occaecat cupidatat non proident"
                        }
                      ]
                    },
                    {
                      "text": "Lorem ipsum dolor sit <b>amet</b>, consectetur adipiscing elit?",
                      "options": [
                        {
                          "text": "Sed do eiusmod tempor incididunt ut labore et dolore magna aliqua.",
                          "expected": true
                        },
                        {
                          "text": "Ut enim ad minim veniam, quis nostrud."
                        },
                        {
                          "text": "Duis aute irure dolor in reprehenderit in voluptate."
                        },
                        {
                          "text": "Excepteur sint occaecat cupidatat non proident"
                        }
                      ]
                    }
                  ]
                },
                {
                    "type": "bubble",
                    "title": "Last Slide",
                    "id": "bubble1.png",
                    "text": "Aliquam venenatis tincidunt enim eu cursus. Proin lacinia mi at lacus consectetur dapibus. Sed et ante nunc. Vivamus tincidunt libero purus, vel vestibulum purus malesuada vel. Integer vitae leo quis diam accumsan luctus et eu sapien.",
                    "id2": "bubble2.png",
                    "text2": "Donec fringilla ex sit amet massa porta maximus. Morbi ultrices in turpis sit amet semper. Class aptent taciti sociosqu ad litora torquent per conubia nostra, per inceptos himenaeos. Nam mauris augue, dictum vitae luctus sit amet, finibus a augue. Vestibulum vitae consequat leo. ",
                    "color2": "#3d3d40"
                }
            ]
        }
    ]
}